mcc_code,mcc_description,0,1,diff
5411,Grocery stores and supermarkets,2134510.874119592,1799785.3875568572,334725.4865627347
5412,Convenience stores,2304181.61249365,2078206.1737324754,225975.43876117468
5414,Butcher shops,1778037.8003392583,1997300.5505700675,219262.7502308092
5415,Fish and seafood shops,2018484.2911591176,2102752.935616493,84268.64445737563
5413,Bakeries,2029227.0034165797,2013673.275721083,15553.727695496753
