gender,amount
0,3963.697843244785
1,4013.734832622286
