tr_type,среднее,медиана
type_a,14.132971500751053,-81.62686819762334
type_b,47.55641481766213,226.0538377874045
type_c,-56.461900472801446,-7.414019150292167
type_d,-153.8948334130384,-153.6077430237118
type_e,-61.97376893808479,-88.03995330349721
