gender,tr_type,max_income
1,type_c,13423.281695279926
1,type_b,15474.145602442248
1,type_d,15777.68938692816
1,type_a,17778.08564776638
1,type_e,17997.333903486964
