gender,mcc_code,mcc_description,total_spending
0,5411,Grocery stores and supermarkets,2134510.874119592
0,5412,Convenience stores,2304181.61249365
0,5413,Bakeries,2029227.0034165797
0,5414,Butcher shops,1778037.8003392583
0,5415,Fish and seafood shops,2018484.2911591176
1,5411,Grocery stores and supermarkets,1799785.3875568572
1,5412,Convenience stores,2078206.1737324754
1,5413,Bakeries,2013673.275721083
1,5414,Butcher shops,1997300.5505700675
1,5415,Fish and seafood shops,2102752.935616493
