gender,tr_type,max_income
0,type_d,13922.94099590789
0,type_c,15327.372635281092
0,type_e,15377.927657614748
0,type_b,15505.933588415086
0,type_a,15921.532843047253
