gender,amount
0,-4044.3032236123713
1,-4012.7382824084248
